pdbid,chainid,variant,score
1AMQ,A,F191C,-1.6
1AMQ,A,S191C,-1.9
1AMQ,A,W191C,-3.9
1AMQ,A,Y191C,-2.3
1ARR,A,L8P,2.49
1BNI,A,L7F,-4.1
1BNI,A,V51I,-1.1
1BNI,A,A76I,-1.7
1BNI,A,V76I,-1.0
1BNI,A,A88I,-4.0
1BNI,A,V88I,-1.6
1BNI,A,A96I,-3.2
1BNI,A,V96I,-3.1
1BNI,A,A14L,-4.5
1BNI,A,V89L,-0.5
1BNI,A,A91S,-2.4
1BNI,A,A26T,-1.7
1BNI,A,F78Y,-1.1
1CEY,A,A12D,2.5
1CEY,A,A13D,2.7
1CEY,A,A57D,3.3
1EY0,A,L72I,-0.2
1EY0,A,V72I,-1.2
1EY0,A,V92I,-0.4
1EY0,A,G116K,1.0
1EY0,A,I25L,-1.7
1EY0,A,A117P,0.8
1EY0,A,G117P,0.9
1EY0,A,T117P,1.1
1EY0,A,A128S,0.7
1EY0,A,A59S,0.5
1EY0,A,C120T,-1.7
1EY0,A,S120T,-0.6
1EY0,A,V120T,-1.8
1EY0,A,C22T,-0.9
1EY0,A,V22T,-0.9
1EY0,A,V33T,0.4
1EY0,A,C41T,0.6
1EY0,A,I41T,0.7
1EY0,A,S41T,-1.1
1EY0,A,V41T,0.8
1EY0,A,V44T,0.1
1EY0,A,S62T,-2.1
1EY0,A,V62T,-0.2
1EY0,A,S82T,-0.7
1EY0,A,L23V,-0.1
1EY0,A,I66V,-1.0
1EY0,A,K66V,-7.5
1EY0,A,L66V,-0.3
1IHB,A,N71F,0.7
1IHB,A,Q82F,-0.4
1IHB,A,N92F,-1.1
1IOB,A,G9T,-2.6
1L63,A,F129A,-1.2
1L63,A,W129A,-2.2
1L63,A,S130A,1.0
1L63,A,S134A,-0.1
1L63,A,S41A,-0.6
1L63,A,S42A,-2.3
1L63,A,V42A,-2.7
1L63,A,S49A,-0.5
1L63,A,S73A,-0.4
1L63,A,S82A,-0.3
1L63,A,S93A,-0.2
1L63,A,C98A,-1.0
1L63,A,L98A,-4.3
1L63,A,S98A,-2.5
1L63,A,V98A,-3.2
1L63,A,A20D,-0.3
1L63,A,N20D,1.3
1L63,A,S20D,0.7
1L63,A,A47D,-1.0
1L63,A,P72D,-2.7
1L63,A,N92D,-1.4
1L63,A,H11E,0.1
1L63,A,N11E,-0.1
1L63,A,M104F,-0.4
1L63,A,A153F,-3.8
1L63,A,I153F,-0.2
1L63,A,L153F,0.3
1L63,A,M153F,-0.6
1L63,A,V153F,-1.8
1L63,A,A67F,-1.9
1L63,A,A100I,-3.4
1L63,A,M100I,-1.6
1L63,A,V100I,-0.4
1L63,A,A17I,-2.7
1L63,A,A27I,-3.1
1L63,A,M27I,-3.1
1L63,A,A29I,-2.6
1L63,A,A50I,-2.0
1L63,A,M50I,-0.4
1L63,A,A58I,-3.2
1L63,A,T58I,-3.4
1L63,A,A78I,-1.2
1L63,A,M78I,-1.5
1L63,A,V78I,-0.8
1L63,A,A43K,-1.0
1L63,A,A118L,-3.2
1L63,A,M118L,-0.7
1L63,A,M121L,-0.8
1L63,A,F133L,-0.3
1L63,A,M133L,-0.4
1L63,A,A46L,-1.9
1L63,A,M66L,-1.0
1L63,A,A84L,-2.6
1L63,A,M84L,-1.9
1L63,A,A91L,-3.9
1L63,A,M91L,-0.8
1L63,A,A99L,-4.5
1L63,A,F99L,-0.3
1L63,A,I99L,-1.5
1L63,A,M99L,-0.6
1L63,A,V99L,-2.0
1L63,A,L102M,-1.0
1L63,A,I106M,0.2
1L63,A,K106M,-3.4
1L63,A,L106M,0.5
1L63,A,K120M,-1.6
1L63,A,L120M,0.5
1L63,A,Y120M,-0.1
1L63,A,A6M,-1.9
1L63,A,L6M,-2.8
1L63,A,A101N,-1.5
1L63,A,E144N,0.5
1L63,A,M105Q,-1.2
1L63,A,F117S,1.1
1L63,A,N38S,0.0
1L63,A,A44S,0.3
1L63,A,E44S,0.0
1L63,A,F44S,0.1
1L63,A,G44S,-0.5
1L63,A,I44S,0.3
1L63,A,K44S,0.2
1L63,A,L44S,0.4
1L63,A,N44S,-0.1
1L63,A,P44S,-3.0
1L63,A,R44S,0.2
1L63,A,T44S,0.0
1L63,A,V44S,0.1
1L63,A,D109T,0.6
1L63,A,N109T,0.1
1L63,A,A152T,-1.5
1L63,A,C152T,-0.5
1L63,A,I152T,-0.4
1L63,A,S152T,-2.0
1L63,A,V152T,0.2
1L63,A,A59T,-1.5
1L63,A,D59T,-1.2
1L63,A,G59T,-1.6
1L63,A,N59T,-1.1
1L63,A,S59T,-0.2
1L63,A,V59T,-1.5
1L63,A,A103V,-2.2
1L63,A,I103V,-0.5
1L63,A,M103V,-1.2
1L63,A,A111V,-1.3
1L63,A,I111V,-0.9
1L63,A,M111V,-0.7
1L63,A,A149V,-3.2
1L63,A,C149V,-2.0
1L63,A,G149V,-4.9
1L63,A,I149V,-0.1
1L63,A,M149V,-2.8
1L63,A,S149V,-4.4
1L63,A,T149V,-2.8
1L63,A,T75V,-1.3
1L63,A,A87V,-1.7
1L63,A,I87V,-0.3
1L63,A,M87V,-2.3
1L63,A,T87V,-1.6
1LZ1,A,P47A,0.1
1LZ1,A,A77C,-4.6
1LZ1,A,P91D,-0.4
1LZ1,A,A106I,-0.9
1LZ1,A,V106I,-0.7
1LZ1,A,A23I,-2.5
1LZ1,A,V23I,-0.4
1LZ1,A,A56I,-3.7
1LZ1,A,T56I,-4.3
1LZ1,A,V56I,-1.2
1LZ1,A,A59I,-1.7
1LZ1,A,G59I,-3.8
1LZ1,A,V59I,-1.1
1LZ1,A,A89I,-2.7
1LZ1,A,V89I,-0.5
1LZ1,A,G103P,-0.1
1LZ1,A,G71P,-1.6
1LZ1,A,A100V,-0.3
1LZ1,A,A110V,0.5
1LZ1,A,D110V,0.2
1LZ1,A,F110V,-1.9
1LZ1,A,G110V,-2.2
1LZ1,A,I110V,-0.8
1LZ1,A,L110V,0.1
1LZ1,A,M110V,0.4
1LZ1,A,N110V,0.1
1LZ1,A,P110V,0.5
1LZ1,A,R110V,0.9
1LZ1,A,Y110V,-0.1
1LZ1,A,A121V,-1.4
1LZ1,A,A125V,-1.3
1LZ1,A,A130V,-0.8
1LZ1,A,A2V,-1.5
1LZ1,A,D2V,-1.4
1LZ1,A,F2V,-0.8
1LZ1,A,G2V,-1.3
1LZ1,A,I2V,1.1
1LZ1,A,L2V,0.3
1LZ1,A,M2V,-0.2
1LZ1,A,N2V,-1.3
1LZ1,A,R2V,-0.4
1LZ1,A,S2V,-1.4
1LZ1,A,Y2V,-0.4
1LZ1,A,A74V,-0.4
1LZ1,A,D74V,-0.4
1LZ1,A,F74V,0.0
1LZ1,A,G74V,-0.1
1LZ1,A,I74V,-1.9
1LZ1,A,L74V,-0.4
1LZ1,A,M74V,-0.4
1LZ1,A,N74V,-0.3
1LZ1,A,R74V,-0.1
1LZ1,A,S74V,-0.4
1LZ1,A,Y74V,-0.3
1LZ1,A,A93V,-0.7
1LZ1,A,A99V,-1.0
1LZ1,A,F124Y,-0.4
1LZ1,A,F20Y,-0.5
1LZ1,A,F38Y,-0.2
1LZ1,A,F45Y,0.1
1LZ1,A,F54Y,-1.0
1LZ1,A,F63Y,-0.2
1N0J,A,T58I,-2.7
1OH0,A,F32Y,0.2
1OH0,A,F57Y,-1.2
1RN1,C,K25Q,1.4
1VQB,A,L47I,-0.4
1VQB,A,M47I,-1.7
1VQB,A,V47I,-2.0
1VQB,A,I35V,-0.6
1VQB,A,F41Y,-3.2
2LZM,A,P82A,0.8
2LZM,A,V98A,-4.9
2LZM,A,A89D,-0.5
2LZM,A,A113G,0.3
2LZM,A,D156G,-2.3
2LZM,A,A77G,0.4
2LZM,A,C3I,0.0
2LZM,A,L3I,0.7
2LZM,A,P3I,-3.0
2LZM,A,V3I,-0.4
2LZM,A,Y3I,-2.3
2LZM,A,G124K,-0.1
2LZM,A,E135K,-1.0
2LZM,A,E147K,-0.7
2LZM,A,E16K,0.5
2LZM,A,P60K,0.0
2LZM,A,A85K,-0.6
2LZM,A,A133L,-4.2
2LZM,A,I6M,-1.4
2LZM,A,D116N,0.6
2LZM,A,D144N,0.4
2LZM,A,G55N,-0.6
2LZM,A,A105Q,-0.6
2LZM,A,E105Q,-1.1
2LZM,A,G105Q,-1.5
2LZM,A,E123Q,0.4
2LZM,A,E119R,0.0
2LZM,A,E154R,-1.1
2LZM,A,A96R,-2.0
2LZM,A,D96R,-3.5
2LZM,A,E96R,-2.5
2LZM,A,G96R,-2.6
2LZM,A,H96R,-3.1
2LZM,A,K96R,0.0
2LZM,A,M96R,-2.7
2LZM,A,N96R,-3.0
2LZM,A,Q96R,-0.3
2LZM,A,S96R,-2.6
2LZM,A,V96R,-2.4
2LZM,A,W96R,-4.5
2LZM,A,Y96R,-4.7
2LZM,A,D38S,0.6
2LZM,A,E115T,0.3
2LZM,A,S152T,-2.6
2LZM,A,A157T,-0.5
2LZM,A,C157T,-1.3
2LZM,A,D157T,-1.1
2LZM,A,E157T,-0.8
2LZM,A,F157T,-2.4
2LZM,A,G157T,-1.1
2LZM,A,H157T,-2.1
2LZM,A,I157T,-1.5
2LZM,A,L157T,-1.7
2LZM,A,N157T,-1.2
2LZM,A,R157T,0.3
2LZM,A,S157T,-0.7
2LZM,A,V157T,-1.2
2LZM,A,A131V,0.3
2LZM,A,D131V,0.1
2LZM,A,E131V,0.2
2LZM,A,G131V,-0.7
2LZM,A,I131V,0.2
2LZM,A,L131V,0.1
2LZM,A,M131V,0.1
2LZM,A,S131V,-0.1
2LZM,A,C149V,-2.2
2RN2,A,F52A,-0.5
2RN2,A,I52A,1.9
2RN2,A,L52A,1.3
2RN2,A,V52A,1.7
2RN2,A,N10D,0.9
2RN2,A,A134D,2.1
2RN2,A,H134D,2.3
2RN2,A,N134D,1.0
2RN2,A,N70D,0.9
2RN2,A,Q48E,0.2
2RN2,A,A77G,-0.9
2RN2,A,A62H,0.4
2RN2,A,P62H,1.1
2RN2,A,A95K,0.1
2RN2,A,G95K,1.9
2RN2,A,N95K,0.9
2RN2,A,I74V,0.6
2RN2,A,L74V,1.0
3ZCF,A,S41G,-3.9
3ZCF,A,H48Y,-5.56
4BVM,A,A57F,-1.91
4BVM,A,N42I,-7.63
4BVM,A,T51I,-5.17
4BVM,A,G38P,-5.38
4BVM,A,P50T,-1.51
4LYZ,A,A102G,-1.2
4LYZ,A,A117G,-0.8
4LYZ,A,A49G,-0.7
4LYZ,A,A67G,-0.5
4LYZ,A,A71G,-2.1
4LYZ,A,V55I,-0.9
4LYZ,A,M58I,-1.2
4LYZ,A,M78I,-0.9
4LYZ,A,M98I,-0.9
4LYZ,A,F12M,0.5
4LYZ,A,L12M,-0.4
4LYZ,A,A91S,-0.2
4LYZ,A,T91S,1.0
4LYZ,A,S40T,-0.3
5PTI,A,A22F,-1.2
5PTI,A,A45F,-6.9
5PTI,A,G43N,-5.7
5PTI,A,A23Y,-5.9
5PTI,A,G35Y,-5.0
