pdbid,chainid,variant,score,mt_pdbid
1AMQ,A,C191F,1.6,1QIS
1AMQ,A,C191S,1.9,5EAA
1AMQ,A,C191W,3.9,1QIT
1AMQ,A,C191Y,2.3,1QIR
1ARR,A,P8L,-2.49,1MYK
1BNI,A,F7L,4.1,1BRG
1BNI,A,I51V,1.1,1BSA
1BNI,A,I76A,1.7,1BRI
1BNI,A,I76V,1.0,1BSB
1BNI,A,I88A,4.0,1BRJ
1BNI,A,I88V,1.6,1BSC
1BNI,A,I96A,3.2,1BRK
1BNI,A,I96V,3.1,1BSD
1BNI,A,L14A,4.5,1BRH
1BNI,A,L89V,0.5,1BSE
1BNI,A,S91A,2.4,1BAN
1BNI,A,T26A,1.7,1BNS
1BNI,A,Y78F,1.1,1BAO
1CEY,A,D12A,-2.5,1E6K
1CEY,A,D13A,-2.7,1E6L
1CEY,A,D57A,-3.3,1E6M
1EY0,A,I72L,0.2,2F0I
1EY0,A,I72V,1.2,2F0J
1EY0,A,I92V,0.4,2F0D
1EY0,A,K116G,-1.0,1KAB
1EY0,A,L25I,1.7,2F0F
1EY0,A,P117A,-0.8,1SYG
1EY0,A,P117G,-0.9,1SYC
1EY0,A,P117T,-1.1,1SYE
1EY0,A,S128A,-0.7,1EY7
1EY0,A,S59A,-0.5,1EY4
1EY0,A,T120C,1.7,2EYM
1EY0,A,T120S,0.6,2EYO
1EY0,A,T120V,1.8,2EYP
1EY0,A,T22C,0.9,2EXZ
1EY0,A,T22V,0.9,2EY1
1EY0,A,T33V,-0.4,1EY5
1EY0,A,T41C,-0.6,2EY2
1EY0,A,T41I,-0.7,1EY6
1EY0,A,T41S,1.1,2EY5
1EY0,A,T41V,-0.8,2EY6
1EY0,A,T44V,-0.1,2EYF
1EY0,A,T62S,2.1,2EYH
1EY0,A,T62V,0.2,2EYJ
1EY0,A,T82S,0.7,2EYL
1EY0,A,V23L,0.1,2F0E
1EY0,A,V66I,1.0,2F0G
1EY0,A,V66K,7.5,2SNM
1EY0,A,V66L,0.3,2F0H
1IHB,A,F71N,-0.7,1MX2
1IHB,A,F82Q,0.4,1MX4
1IHB,A,F92N,1.1,1MX6
1IOB,A,T9G,2.6,1HIB
1L63,A,A129F,1.2,1QTC
1L63,A,A129W,2.2,1QTD
1L63,A,A130S,-1.0,118L
1L63,A,A134S,0.1,119L
1L63,A,A41S,0.6,120L
1L63,A,A42S,2.3,206L
1L63,A,A42V,2.7,1QTB
1L63,A,A49S,0.5,221L
1L63,A,A73S,0.4,122L
1L63,A,A82S,0.3,123L
1L63,A,A93S,0.2,224L
1L63,A,A98C,1.0,1QSB
1L63,A,A98L,4.3,1QS5
1L63,A,A98S,2.5,125L
1L63,A,A98V,3.2,1QS9
1L63,A,D20A,0.3,253L
1L63,A,D20N,-1.3,255L
1L63,A,D20S,-0.7,254L
1L63,A,D47A,1.0,1L65
1L63,A,D72P,2.7,1L76
1L63,A,D92N,1.4,1L55
1L63,A,E11H,-0.1,1QT6
1L63,A,E11N,0.1,1QT7
1L63,A,F104M,0.4,1CV0
1L63,A,F153A,3.8,1L85
1L63,A,F153I,0.2,1L86
1L63,A,F153L,-0.3,1L87
1L63,A,F153M,0.6,1L88
1L63,A,F153V,1.8,1L95
1L63,A,F67A,1.9,246L
1L63,A,I100A,3.4,244L
1L63,A,I100M,1.6,1CUP
1L63,A,I100V,0.4,1P36
1L63,A,I17A,2.7,239L
1L63,A,I27A,3.1,240L
1L63,A,I27M,3.1,1D2W
1L63,A,I29A,2.6,241L
1L63,A,I50A,2.0,242L
1L63,A,I50M,0.4,1D2Y
1L63,A,I58A,3.2,243L
1L63,A,I58T,3.4,1G1V
1L63,A,I78A,1.2,1CTW
1L63,A,I78M,1.5,1CU0
1L63,A,I78V,0.8,1P2R
1L63,A,K43A,1.0,1L66
1L63,A,L118A,3.2,1CVK
1L63,A,L118M,0.7,1CV4
1L63,A,L121M,0.8,1CV3
1L63,A,L133F,0.3,1P64
1L63,A,L133M,0.4,1CV5
1L63,A,L46A,1.9,1L67
1L63,A,L66M,1.0,1D3J
1L63,A,L84A,2.6,247L
1L63,A,L84M,1.9,1CU2
1L63,A,L91A,3.9,1CU6
1L63,A,L91M,0.8,1CU5
1L63,A,L99A,4.5,1L90
1L63,A,L99F,0.3,1L91
1L63,A,L99I,1.5,1L92
1L63,A,L99M,0.6,1L93
1L63,A,L99V,2.0,1L94
1L63,A,M102L,1.0,1L77
1L63,A,M106I,-0.2,1P46
1L63,A,M106K,3.4,231L
1L63,A,M106L,-0.5,234L
1L63,A,M120K,1.6,232L
1L63,A,M120L,-0.5,233L
1L63,A,M120Y,0.1,1P6Y
1L63,A,M6A,1.9,245L
1L63,A,M6L,2.8,230L
1L63,A,N101A,1.5,1I6S
1L63,A,N144E,-0.5,1L39
1L63,A,Q105M,1.2,1G1W
1L63,A,S117F,-1.1,1TLA
1L63,A,S38N,-0.0,1L61
1L63,A,S44A,-0.3,1L68
1L63,A,S44E,-0.0,217L
1L63,A,S44F,-0.1,137L
1L63,A,S44G,0.5,107L
1L63,A,S44I,-0.3,108L
1L63,A,S44K,-0.2,109L
1L63,A,S44L,-0.4,110L
1L63,A,S44N,0.1,111L
1L63,A,S44P,3.0,112L
1L63,A,S44R,-0.2,113L
1L63,A,S44T,-0.0,114L
1L63,A,S44V,-0.1,115L
1L63,A,T109D,-0.6,1L62
1L63,A,T109N,-0.1,1L59
1L63,A,T152A,1.5,1G0G
1L63,A,T152C,0.5,1G0K
1L63,A,T152I,0.4,1G0M
1L63,A,T152S,2.0,1G0J
1L63,A,T152V,-0.2,1G0L
1L63,A,T59A,1.5,1LYJ
1L63,A,T59D,1.2,1LYI
1L63,A,T59G,1.6,1LYH
1L63,A,T59N,1.1,1LYG
1L63,A,T59S,0.2,1LYF
1L63,A,T59V,1.5,1LYE
1L63,A,V103A,2.2,238L
1L63,A,V103I,0.5,1P7S
1L63,A,V103M,1.2,1CUQ
1L63,A,V111A,1.3,235L
1L63,A,V111I,0.9,2L78
1L63,A,V111M,0.7,1CV1
1L63,A,V149A,3.2,237L
1L63,A,V149C,2.0,1G07
1L63,A,V149G,4.9,1G0P
1L63,A,V149I,0.1,1G0Q
1L63,A,V149M,2.8,1CV6
1L63,A,V149S,4.4,1G06
1L63,A,V149T,2.8,126L
1L63,A,V75T,1.3,127L
1L63,A,V87A,1.7,236L
1L63,A,V87I,0.3,1P2L
1L63,A,V87M,2.3,1CU3
1L63,A,V87T,1.6,128L
1LZ1,A,A47P,-0.1,1LHL
1LZ1,A,C77A,4.6,1HNL
1LZ1,A,D91P,0.4,1LHK
1LZ1,A,I106A,0.9,2HEA
1LZ1,A,I106V,0.7,1YAM
1LZ1,A,I23A,2.5,2HEB
1LZ1,A,I23V,0.4,1YAN
1LZ1,A,I56A,3.7,2HEC
1LZ1,A,I56T,4.3,1OUA
1LZ1,A,I56V,1.2,1YAO
1LZ1,A,I59A,1.7,2HED
1LZ1,A,I59G,3.8,2HEE
1LZ1,A,I59V,1.1,1YAP
1LZ1,A,I89A,2.7,2HEF
1LZ1,A,I89V,0.5,1YAQ
1LZ1,A,P103G,0.1,1LHJ
1LZ1,A,P71G,1.6,1LHI
1LZ1,A,V100A,0.3,1OUB
1LZ1,A,V110A,-0.5,1OUC
1LZ1,A,V110D,-0.2,1GFU
1LZ1,A,V110F,1.9,1GBZ
1LZ1,A,V110G,2.2,1GBO
1LZ1,A,V110I,0.8,1GBW
1LZ1,A,V110L,-0.1,1GBX
1LZ1,A,V110M,-0.4,1GBY
1LZ1,A,V110N,-0.1,1GFV
1LZ1,A,V110P,-0.5,1LHH
1LZ1,A,V110R,-0.9,1INU
1LZ1,A,V110Y,0.1,1GFT
1LZ1,A,V121A,1.4,1OUD
1LZ1,A,V125A,1.3,1OUE
1LZ1,A,V130A,0.8,1OUF
1LZ1,A,V2A,1.5,1OUG
1LZ1,A,V2D,1.4,1GFA
1LZ1,A,V2F,0.8,1GB3
1LZ1,A,V2G,1.3,1GAY
1LZ1,A,V2I,-1.1,1GAZ
1LZ1,A,V2L,-0.3,1GB0
1LZ1,A,V2M,0.2,1GB2
1LZ1,A,V2N,1.3,1GFE
1LZ1,A,V2R,0.4,1GFG
1LZ1,A,V2S,1.4,1GF8
1LZ1,A,V2Y,0.4,1GF9
1LZ1,A,V74A,0.4,1OUH
1LZ1,A,V74D,0.4,1GFJ
1LZ1,A,V74F,-0.0,1GB9
1LZ1,A,V74G,0.1,1GB5
1LZ1,A,V74I,1.9,1GB6
1LZ1,A,V74L,0.4,1GB7
1LZ1,A,V74M,0.4,1GB8
1LZ1,A,V74N,0.3,1GFK
1LZ1,A,V74R,0.1,1GFR
1LZ1,A,V74S,0.4,1B7S
1LZ1,A,V74Y,0.3,1GFH
1LZ1,A,V93A,0.7,1OUI
1LZ1,A,V99A,1.0,1OUJ
1LZ1,A,Y124F,0.4,1WQM
1LZ1,A,Y20F,0.5,1WQN
1LZ1,A,Y38F,0.2,1WQO
1LZ1,A,Y45F,-0.1,1WQP
1LZ1,A,Y54F,1.0,1WQQ
1LZ1,A,Y63F,0.2,1WQR
1N0J,A,I58T,2.7,1VAR
1OH0,A,Y32F,-0.2,1DMQ
1OH0,A,Y57F,1.2,1DMM
1RN1,C,Q25K,-1.4,1RGC
1VQB,A,I47L,0.4,1VQG
1VQB,A,I47M,1.7,1VQH
1VQB,A,I47V,2.0,1VQI
1VQB,A,V35I,0.6,1VQJ
1VQB,A,Y41F,3.2,1YHB
2LZM,A,A82P,-0.8,1L24
2LZM,A,A98V,4.9,1L48
2LZM,A,D89A,0.5,3C83
2LZM,A,G113A,-0.3,1L60
2LZM,A,G156D,2.3,1L16
2LZM,A,G77A,-0.4,1L23
2LZM,A,I3C,-0.0,172L
2LZM,A,I3L,-0.7,149L
2LZM,A,I3P,3.0,1L96
2LZM,A,I3V,0.4,1L17
2LZM,A,I3Y,2.3,1L18
2LZM,A,K124G,0.1,1L22
2LZM,A,K135E,1.0,1L45
2LZM,A,K147E,0.7,1L46
2LZM,A,K16E,-0.5,1L42
2LZM,A,K60P,-0.0,1L56
2LZM,A,K85A,0.6,3C81
2LZM,A,L133A,4.2,1L69
2LZM,A,M6I,1.4,150L
2LZM,A,N116D,-0.6,1L57
2LZM,A,N144D,-0.4,1L20
2LZM,A,N55G,0.6,1L21
2LZM,A,Q105A,0.6,1L00
2LZM,A,Q105E,1.1,1L98
2LZM,A,Q105G,1.5,1L99
2LZM,A,Q123E,-0.4,1L38
2LZM,A,R119E,-0.0,1L44
2LZM,A,R154E,1.1,1L47
2LZM,A,R96A,2.0,3C7Y
2LZM,A,R96D,3.5,3C8Q
2LZM,A,R96E,2.5,3C8S
2LZM,A,R96G,2.6,3C8R
2LZM,A,R96H,3.1,3F8V
2LZM,A,R96K,-0.0,3C7W
2LZM,A,R96M,2.7,3CDV
2LZM,A,R96N,3.0,3CDT
2LZM,A,R96Q,0.3,3CDR
2LZM,A,R96S,2.6,3CDQ
2LZM,A,R96V,2.4,3CDO
2LZM,A,R96W,4.5,3FI5
2LZM,A,R96Y,4.7,3C80
2LZM,A,S38D,-0.6,1L19
2LZM,A,T115E,-0.3,1L37
2LZM,A,T152S,2.6,1L52
2LZM,A,T157A,0.5,1L02
2LZM,A,T157C,1.3,1L03
2LZM,A,T157D,1.1,1L04
2LZM,A,T157E,0.8,1L06
2LZM,A,T157F,2.4,1L07
2LZM,A,T157G,1.1,1L08
2LZM,A,T157H,2.1,1L09
2LZM,A,T157I,1.5,1L10
2LZM,A,T157L,1.7,1L11
2LZM,A,T157N,1.2,1L12
2LZM,A,T157R,-0.3,1L13
2LZM,A,T157S,0.7,1L14
2LZM,A,T157V,1.2,1L15
2LZM,A,V131A,-0.3,1L33
2LZM,A,V131D,-0.1,1DYA
2LZM,A,V131E,-0.2,1DYG
2LZM,A,V131G,0.7,1DYB
2LZM,A,V131I,-0.2,1DYC
2LZM,A,V131L,-0.1,1DYD
2LZM,A,V131M,-0.1,1DYF
2LZM,A,V131S,0.1,1DYE
2LZM,A,V149C,2.2,1L53
2RN2,A,A52F,0.5,3AA5
2RN2,A,A52I,-1.9,3AA2
2RN2,A,A52L,-1.3,3AA3
2RN2,A,A52V,-1.7,3AA4
2RN2,A,D10N,-0.9,1RDA
2RN2,A,D134A,-2.1,1KVA
2RN2,A,D134H,-2.3,1KVB
2RN2,A,D134N,-1.0,1KVC
2RN2,A,D70N,-0.9,1RDC
2RN2,A,E48Q,-0.2,1RDB
2RN2,A,G77A,0.9,1GOB
2RN2,A,H62A,-0.4,1RBS
2RN2,A,H62P,-1.1,1RBR
2RN2,A,K95A,-0.1,1RBV
2RN2,A,K95G,-1.9,1RBT
2RN2,A,K95N,-0.9,1RBU
2RN2,A,V74I,-0.6,1LAW
2RN2,A,V74L,-1.0,1LAV
3ZCF,A,G41S,3.9,3NWV
3ZCF,A,Y48H,5.56,5O10
4BVM,A,F57A,1.91,6EW5
4BVM,A,I51T,5.17,5N4P
4BVM,A,P38G,5.38,4D6B
4LYZ,A,G102A,1.2,1FLY
4LYZ,A,G117A,0.8,1FLQ
4LYZ,A,G49A,0.7,1FN5
4LYZ,A,G67A,0.5,1FLU
4LYZ,A,G71A,2.1,1FLW
4LYZ,A,I55V,0.9,1HEO
4LYZ,A,I58M,1.2,1IR8
4LYZ,A,I78M,0.9,1IR7
4LYZ,A,I98M,0.9,1IR9
4LYZ,A,M12F,-0.5,1IOS
4LYZ,A,M12L,0.4,1IOT
4LYZ,A,S91A,0.2,1LSN
4LYZ,A,S91T,-1.0,1HEM
4LYZ,A,T40S,0.3,1HER
5PTI,A,F22A,1.2,1BTI
5PTI,A,F45A,6.9,1FAN
5PTI,A,N43G,5.7,1NAG
5PTI,A,Y23A,5.9,1BPT
5PTI,A,Y35G,5.0,8PTI
