antigen name,stabilized name,mutation,\proteinmpnnNoise,\HERMESPyNoise,\HERMESPyNoiseRelaxed,\HERMESPyNoiseFtCdna,\HERMESPyNoiseFtRelaxedFtCdna
rsv_f,Cav1,S190F,6/4,8/4,2/8,3/12,3/12
rsv_f,Cav1,V207L,7/2,3/2,2/3,2/3,2/3
rsv_f,TriC,D486H,14/2,11/3,9/4,7/16,7/19
rsv_f,TriC,D489H,10/2,14/8,18/20,14/20,14/20
rsv_f,TriC,E487Q,8/3,3/1,6/3,10/11,13/14
rsv_f,TriC,F488W,18/12,17/9,18/12,2/3,9/7
ha,Universal-HA,E432I,2/12,4/9,5/16,3/12,3/13
ha,Universal-HA,H355W,1/5,3/4,4/6,3/5,3/9
ha,Universal-HA,K380I,1/9,4/8,3/14,2/13,2/14
hmpv_f,M104,A159L,12/1,7/1,4/2,3/7,3/6
hmpv_f,M104,L130D,10/8,9/5,1/9,2/8,2/12
hmpv_f,M104,V203I,2/1,2/1,2/1,1/3,1/2
hmpv_f,M104,V430Q,4/5,1/8,5/7,12/5,13/5
hmpv_f,M104,V449D,3/13,2/11,2/15,2/18,3/18
hmpv_f,MPV-2cREKR,D209E,1/11,1/3,2/12,6/15,6/18
hmpv_f,MPV-2cREKR,E453P,20/1,19/8,1/13,16/17,14/17
hmpv_f,MPV-2cREKR,V112R,1/8,9/2,2/7,11/4,11/4
hmpv_f,MPV-2cREKR,V231I,1/3,1/2,1/2,1/3,1/3
denv_e,SC.10,A259W,3/1,20/1,14/1,2/1,7/2
denv_e,SC.10,A35M,1/6,12/1,13/1,7/1,8/3
denv_e,SC.10,F279W,11/4,6/1,9/2,4/1,7/2
denv_e,SC.10,G106D,1/11,1/8,2/9,1/20,5/20
denv_e,SC.10,S29K,1/3,12/1,4/2,12/6,14/8
denv_e,SC.10,T262R,15/1,14/3,4/10,3/16,4/17
denv_e,SC.10,T280P,10/7,19/4,1/6,20/2,19/2
denv_e,SC.10,T33V,1/3,1/3,1/6,1/10,1/9
